symbol_y,symbol_x,observations,return_correlation,absolute_return_correlation,cointegration_statistic,cointegration_pvalue,adf_statistic,adf_pvalue,alpha,beta,regression_r_squared,half_life,stationarity_score,eligible,use_log_prices
UPS,V,1510,0.4216062465417378,0.4216062465417378,-3.885752839821314,0.010377567268224148,-3.8844528723769898,0.002152291858468956,3.206514962018307,0.24655552246166756,0.7166822127522496,41.774651917293546,5.072609526478625,False,True
HD,UPS,1510,0.4683388628302802,0.4683388628302802,-3.6789625084859416,0.01949800436667029,-3.678194663174639,0.004430532338218379,-6.541167241062132,2.613170777729981,0.7545714891910158,48.18535098418385,4.531892788716965,False,True
JPM,UPS,1510,0.48641513994535096,0.48641513994535096,-3.534495114599761,0.02945755111196169,-3.533133288829144,0.007175835891534089,-6.490759080636656,2.46688611525611,0.7711758985815778,49.160541053192354,4.161346002034206,False,True
PEP,UPS,1510,0.3301228889514247,0.3301228889514247,-3.5284845160153724,0.029952465206690527,-3.527610006668936,0.007305685996001566,-1.1828009709566683,1.2891567628607494,0.7167143135821026,48.80158427423114,3.990029314630166,False,True
KO,PEP,1510,0.676732362859529,0.676732362859529,-3.289643814690308,0.05617136446948987,-3.288549619939346,0.015398129968919512,0.2379264336562983,0.7446621193215606,0.9187966434130816,45.73681076690053,3.7397494083246414,False,True
LOW,V,1510,0.3988639913868574,0.3988639913868574,-3.2179718133962654,0.06697339312593113,-3.216971038885738,0.019023106814013275,1.2406705467178973,0.6577272419983285,0.8948693389082347,54.58502005914728,3.2936802424285254,False,True
GS,MS,1510,0.8526265085140341,0.8526265085140341,-2.9561078127655054,0.12101079059177056,-2.9550799565435133,0.039307672234503155,2.841100057235059,0.663450591114245,0.8989185720172095,67.94209892467848,3.1753250841706775,False,True
LOW,UPS,1510,0.39844245476625484,0.39844245476625484,-3.1311104799762934,0.082223615209647,-3.1301764857220373,0.024399106988074362,-4.275299343029053,1.9624152534120909,0.675697999084143,62.99393739049045,3.0960719554636738,False,True
HD,LOW,1510,0.6988662823055585,0.6988662823055585,-2.9825822528618784,0.11440394861887498,-2.9813785526703813,0.036670384076255426,-0.41547640490560855,1.2280527549719418,0.949790982896633,51.641214374409344,3.0761098093685355,False,True
KO,V,1510,0.31281226164111586,0.31281226164111586,-3.156935313870707,0.07742972918881759,-3.154491948950262,0.02277466108087247,2.0511656365521223,0.32271595185326934,0.8773512808881061,44.80262582857632,3.066452598546066,False,True
UPS,WMT,1510,0.30107297458474896,0.30107297458474896,-3.1322972992325813,0.08199833788800942,-3.131340453269027,0.02431912763732892,3.0328272005376125,0.40518634516249413,0.5472736188929752,59.99777769547116,3.001319933189096,False,True
KO,UPS,1510,0.3100983525868701,0.3100983525868701,-3.0291304364853646,0.10344251693410833,-3.0271655427607334,0.03243418730177639,-0.6601579367599464,0.9640017290691242,0.6640352236617977,61.03885791435241,2.7843962530998145,False,True
LOW,PEP,1510,0.28045666812487624,0.28045666812487624,-3.020988656855604,0.10530040951420216,-3.01998701147996,0.03306955561490872,-2.1318021673699645,1.44376849718073,0.8480692536727774,57.617883014723986,2.738598249010208,False,True
CVX,WMT,1510,0.22334330733767116,0.22334330733767116,-3.0292833877564744,0.10340785284836718,-3.028223509799177,0.0323414284719055,2.3999913522747276,0.603827450262399,0.6710631617870135,57.35299584913085,2.6990305886457424,False,True
HD,V,1510,0.5032586116187265,0.5032586116187265,-2.883370780404693,0.14059294654904164,-2.8824901398845517,0.04742237307678233,0.9080196834145147,0.8525328011918877,0.9468564842328887,65.94690670498322,2.6793117957997814,False,True
MA,UPS,1510,0.43993873246409243,0.43993873246409243,-2.8531128841484366,0.14936899013996285,-2.851873856661514,0.0512374675836404,-8.900278983830265,3.177673869794561,0.6766768420092075,76.71619883407803,2.5560906310951426,False,True
MA,V,1510,0.8539988656300332,0.8539988656300332,-2.607938708384813,0.23364333810378873,-2.608413035817992,0.09127090086515693,-0.18309079032712905,1.1130975680058726,0.9788728722120332,79.04050056137432,2.525113126036305,False,True
LOW,MA,1510,0.40901643508588015,0.40901643508588015,-2.840384538585247,0.1531729013868675,-2.839666882248697,0.052827218388083665,1.4869790671271867,0.5620502332983263,0.827100736653249,80.43202819575544,2.5009767527285724,False,True
BAC,UPS,1510,0.43880598080810346,0.43880598080810346,-2.8206747297492956,0.15919503000830137,-2.819655226068735,0.05552054563102018,-7.144033691334101,2.3170111459803127,0.6887658664944305,69.93001288056892,2.4924227501389526,False,True
PEP,V,1510,0.37640799235207156,0.37640799235207156,-2.7550775422225473,0.18039710737503767,-2.7546518941352827,0.06504906425551478,2.510118683269382,0.41654789798097036,0.8821890579419083,62.31432634145885,2.306937369374669,False,True
HD,PEP,1510,0.3860542859436884,0.3860542859436884,-2.7433380751869776,0.18438006592690814,-2.741863992866638,0.06706987249261141,-3.4643381607630612,1.8716185524016042,0.8975628592390513,66.55913907752539,2.2938128393187034,False,True
KO,MA,1510,0.3038857046927155,0.3038857046927155,-2.78417692485299,0.17077120153052133,-2.783231939247802,0.06070917349317488,2.1379545917454648,0.282886148408523,0.8532890810500349,51.206763838393584,2.288216750263658,False,True
BAC,JPM,1510,0.8719190664166111,0.8719190664166111,-2.349043076879383,0.34935285958899676,-2.3483664478913036,0.1568427428886961,-1.1605869205689014,0.9665611676896051,0.9458424675488291,118.80237939783187,2.1331903352428596,False,True
CVX,JPM,1510,0.4935927593840507,0.4935927593840507,-2.5862203765268243,0.2424211988375029,-2.585416621984289,0.09604897005552271,2.7674392395869756,0.37051022866950595,0.5981194699111696,85.97678382351032,2.126529452551008,False,True
CVX,UPS,1510,0.3966682514698727,0.3966682514698727,-2.618455990896731,0.2294607786655969,-2.6176362377093096,0.08940672311290437,0.13992577125756434,0.9656873921345052,0.514891716951706,79.73220949318488,2.084589610814018,False,True
PEP,WMT,1510,0.39374898665029673,0.39374898665029673,-2.606930597309177,0.23404659867473854,-2.606448795507137,0.09167174406907008,2.2727928732386387,0.6667139406773475,0.6390113896003338,117.06085943308878,2.0622111586572602,False,True
MS,UPS,1510,0.4712469631024827,0.4712469631024827,-2.5566772462514233,0.2546605689930773,-2.555842002957971,0.10247151978945063,-3.5988780848126094,1.6229897707010026,0.59601885246043,93.21231558116436,2.0546820805857493,False,True
KO,WMT,1510,0.32274481782817693,0.32274481782817693,-2.5974383204713667,0.237863709719077,-2.596720200377388,0.09367703182151649,1.749763317878808,0.5538881809196989,0.7307597169311336,76.11910773032427,1.9747835084165275,False,True
KO,LOW,1510,0.24249056830626184,0.24249056830626184,-2.636616255016967,0.2231981467845986,-2.6352662847722645,0.08592526785644417,1.663050549515952,0.43784727001456925,0.7807463681495328,63.89160370982034,1.9596790893294644,False,True
HD,JPM,1510,0.48264635193901867,0.48264635193901867,-2.4653400965956958,0.29456522584839695,-2.4648274734816713,0.12426836041485084,0.5380836477283415,1.0100698644203618,0.8896360781940648,104.21445002379298,1.9191043076083152,False,True
JPM,V,1510,0.5021224136176112,0.5021224136176112,-2.438909082426279,0.3066550736033621,-2.437404491739491,0.13145630472270942,0.6418439352985854,0.7823223349014545,0.9143739874336901,90.93354125636853,1.896690839175264,False,True
CVX,MA,1510,0.39594879902262686,0.39594879902262686,-2.504243022444186,0.27720093421916286,-2.5034349660228887,0.11464079589948967,3.0472657067902693,0.26158946752129525,0.5637942237098903,87.8841295456795,1.893814916915464,False,True
HD,MA,1510,0.4977819892075872,0.4977819892075872,-2.426264372473878,0.31251857241172193,-2.42581568336401,0.1345822850998904,1.2104899599223748,0.7320249235405687,0.8835962688555052,119.0333197627308,1.8739182594242625,False,True
JPM,PEP,1510,0.288458809871514,0.288458809871514,-2.50413085330169,0.27725023639399893,-2.5035218758773405,0.11461976430372056,-3.099113246987197,1.6554008391641952,0.8052430286828625,96.57720724224016,1.7863273736852727,False,True
GS,UPS,1510,0.4725338580213161,0.4725338580213161,-2.360414402269051,0.34382528920242,-2.359633985023181,0.1534549257383,0.4953688622014676,1.0670357282211214,0.5261257248901737,94.37402109454058,1.7502152076816315,False,True
CVX,V,1510,0.37841131705617415,0.37841131705617415,-2.407008329358414,0.3215428843881045,-2.4062851732902786,0.13997031749410888,3.076799208345588,0.27383697482920677,0.4881172055565144,98.39983020592226,1.7251364660774144,False,True
CVX,MS,1510,0.45085121124369143,0.45085121124369143,-2.355753692674836,0.34608680769102473,-2.355042594040332,0.15482924677672494,2.721998771024913,0.4650879134570507,0.527818317048572,100.22324029019671,1.721813165275968,False,True
BAC,CVX,1510,0.4353291332148021,0.4353291332148021,-2.325791390424052,0.3607561779406222,-2.324834157508033,0.16408350027314722,-4.381860521754302,1.6788507199797678,0.6549328139782495,102.78894965800197,1.663050444158069,False,True
CVX,PEP,1510,0.2746317709291393,0.2746317709291393,-2.411101435625839,0.3196152511937501,-2.410419863268032,0.1388170510575999,1.8477273325957788,0.561049727574463,0.4030054125175898,102.4044717726727,1.6275614621250143,False,True
CVX,KO,1510,0.28007945044976174,0.28007945044976174,-2.4046513915373082,0.3226551408442378,-2.40386000138636,0.14064991442038915,1.618911465906955,0.7676181198226238,0.4553000803809245,95.94798124220445,1.6232013891133872,False,True
JPM,MA,1510,0.510519517255527,0.510519517255527,-2.237289904600222,0.4052254857255607,-2.2372234499341275,0.19301384574715486,0.8141847862674481,0.6937150480222515,0.9100281137125578,93.84416566545329,1.617234301742584,False,True
GS,JPM,1510,0.8212912621349286,0.8212912621349286,-1.9651306892334153,0.5466491087170393,-1.9644133239608412,0.302391202550344,3.3464370110494563,0.42201744402287217,0.6494372169934112,131.90980360514777,1.6030134656792911,False,True
LOW,WMT,1510,0.30936291078997497,0.30936291078997497,-2.3709539058069398,0.3387323557514911,-2.3704469594720408,0.1502518267139199,1.0725172125943092,0.9870762906102842,0.5698586739756555,131.08035276245212,1.602686467586712,False,True
JPM,KO,1510,0.2677518652023832,0.2677518652023832,-2.3775444639734675,0.3355628727660649,-2.3767542685590075,0.14840510943703594,-3.062944503959179,2.061217887924747,0.7534727689132,92.70279264262983,1.57052910793307,False,True
BAC,MS,1510,0.8373544889179594,0.8373544889179594,-1.8744109374862403,0.5929266462197442,-1.8736259873171475,0.3445681566512966,-1.4209163439712502,1.2550853740112273,0.8931686600231072,135.331057941478,1.5270783813319808,False,True
MA,PEP,1510,0.3558820404982462,0.3558820404982462,-2.2777798345303593,0.3846912717471522,-2.2778212604668346,0.17922085065131632,-5.279651712715317,2.3035854302276157,0.8245874087769982,98.21560823206434,1.5173811734569098,False,True
MA,WMT,1510,0.28967518818474625,0.28967518818474625,-2.3237244413198783,0.3617761575754162,-2.3229886192734197,0.16466083440753526,-1.1495995685216762,1.8872199217936485,0.795614344155707,103.45295232238212,1.5146449345370807,False,True
BAC,MA,1510,0.4790778726009611,0.4790778726009611,-2.169809560996481,0.4399822765853162,-2.169087182975276,0.21765567036717148,-0.3128205429253219,0.6578178728820987,0.828445685165042,125.82570395372142,1.4978727041768112,False,True
CVX,HD,1510,0.35188278851208415,0.35188278851208415,-2.248465668197021,0.39952968806163425,-2.2478230868083013,0.18934826383088116,2.9780433578581498,0.2802942700896283,0.3925603357821771,113.54769521163537,1.4730724049666701,False,True
LOW,TGT,1510,0.41616751526745904,0.41616751526745904,-2.1498159273207786,0.45037280391633794,-2.1494164742737185,0.22511351694440718,0.31929749244787153,0.9648603361350878,0.5705763529562085,145.17304345792337,1.4101937848131307,False,True
GS,HD,1510,0.4630933831433505,0.4630933831433505,-2.0891829315798165,0.48202268785454655,-2.088497612996426,0.24916485210954908,3.5005549024523885,0.33744815625702446,0.4761907200330213,120.88817222430895,1.3835391235269145,False,True
HD,WMT,1510,0.38088166962029907,0.38088166962029907,-2.1427607291557487,0.45404647344385557,-2.1424968552937402,0.2277731368707548,0.6974407032753351,1.2770833261049115,0.6007560962262808,181.9992087855154,1.366278859837836,False,True
HD,KO,1510,0.3177153893359066,0.3177153893359066,-2.1832621148733673,0.43301093471571556,-2.1800260877202056,0.2135745321084369,-3.3953210606424804,2.3223877705240796,0.8340628663653928,67.55506715048163,1.3516670621162692,False,True
BAC,V,1510,0.47733935213867085,0.47733935213867085,-2.028432634611022,0.5137701977353375,-2.0278218167399187,0.27450898397302503,-0.40183952338348883,0.7251796240768826,0.7954331990144599,146.35440425761928,1.3280138812349085,False,True
BAC,KO,1510,0.19394007114726755,0.19394007114726755,-2.238058083274281,0.40483334246757735,-2.2373655191468815,0.1929644148529534,-3.5794134533270436,1.8371851387019436,0.6060182828690751,133.05300616038437,1.3011865700843774,False,True
GS,MA,1510,0.5107731401830382,0.5107731401830382,-1.9614629779396389,0.54854266788489,-1.9608206011715374,0.304011569851211,3.9255541563938476,0.2435697469996852,0.4090869598093082,137.28204459664857,1.2886726137763904,False,True
GS,V,1510,0.5186386105145007,0.5186386105145007,-1.9416459855203707,0.5587456213164532,-1.941002180577666,0.3130248973978841,3.8604522614491343,0.27570869117034663,0.41412331743548014,138.98583226940156,1.2758455958994988,False,True
V,WMT,1510,0.28458735598727974,0.28458735598727974,-2.133552944673092,0.4588457072912141,-2.1337268662149693,0.23117083535603683,-0.5726357699121882,1.6014887247069352,0.7251795109907133,126.67143881968062,1.2589876405831248,False,True
BAC,WMT,1510,0.21560529220806807,0.21560529220806807,-2.1858744820533884,0.43165926041245545,-2.1851824955127386,0.21166724213765276,-1.1542139252114278,1.268516909824991,0.6881811991368826,114.86923605930149,1.2548105786015098,False,True
JPM,LOW,1510,0.441893391983079,0.441893391983079,-1.9936314630815397,0.5318869282268055,-1.9929805242432435,0.2896593508597828,-0.23452279572277313,1.0459848881255651,0.7901967809089805,132.8623106268759,1.2541865217798325,False,True
BAC,PEP,1510,0.1898539855537485,0.1898539855537485,-2.196973315444245,0.425924856946143,-2.1965635098400793,0.20749506801172057,-3.622130861632002,1.4778740647484179,0.6497639474777575,135.77504876415168,1.2435132209977977,False,True
JPM,WMT,1510,0.28382818364242424,0.28382818364242424,-2.1168621622474726,0.4675564007413637,-2.1162248554139342,0.23804075099548633,0.09249035042824794,1.2850999568272543,0.6976281176691594,134.06912756993583,1.237342865124094,False,True
KO,TGT,1510,0.1999517761957512,0.1999517761957512,-2.1703344242064566,0.4397099614831562,-2.1697400665839846,0.21741075818011363,1.6933131763975902,0.44985182464892615,0.5051129633052085,111.90930505656539,1.2195044411044584,False,True
GS,LOW,1510,0.42284602757225354,0.42284602757225354,-1.9364895811948108,0.5613920817257299,-1.9358516043642968,0.31538781336550337,3.47986538458363,0.3857991151817453,0.3919974642949685,140.44741335735728,1.1747348367194173,False,True
FDX,GS,1510,0.5332322021906165,0.5332322021906165,-1.8089387690554548,0.625370141793823,-1.8077255178981528,0.3766329901082882,0.026678653309856415,0.9405005665532854,0.6829871951011207,114.58702219107506,1.1611767019639956,False,True
MS,WMT,1510,0.25084531316340397,0.25084531316340397,-2.0795527608296247,0.48705866824329697,-2.078929014349098,0.25307131636377816,0.7841030764211196,0.8290180046825067,0.5183836180956677,130.68262240758187,1.1600211121244213,False,True
GS,PEP,1510,0.2535560844326878,0.2535560844326878,-2.050688730208437,0.5021493264261305,-2.050010555009773,0.2650844905294366,2.51290950935229,0.5900700330013798,0.3730818464933796,125.40084097437861,1.1293388810314893,False,True
CVX,GS,1510,0.45512515530524483,0.45512515530524483,-1.8387417142010527,0.610720188191858,-1.8381070152269643,0.36171337541782633,1.587280219798652,0.5327153116421931,0.3390794951424275,151.98414377896842,1.1109183104968285,False,True
PEP,TGT,1510,0.20744692135754736,0.20744692135754736,-2.074159920204111,0.48987885560538874,-2.0736566767048594,0.2552384440368062,2.2115300600949266,0.5398137791088395,0.43897177598013426,151.4010551943477,1.1104121382821033,False,True
GS,XOM,1510,0.47338342119037685,0.47338342119037685,-1.817604190732023,0.6211323431105529,-1.8168020061161068,0.3721524452651343,6.237191473081056,-0.2856564072094807,0.011757662764378618,153.15389111603707,1.1094784002054339,False,True
BAC,HD,1510,0.42527675169097556,0.42527675169097556,-1.8559542158261493,0.6021670865718376,-1.855558791403665,0.35324756048105177,-0.9309736818511087,0.7990323433448089,0.741274879492401,172.2235622428932,1.0974805663588456,False,True
MS,V,1510,0.528174208881411,0.528174208881411,-1.7395037492862477,0.6586148224037359,-1.7389276345984659,0.4111755549158402,1.30361121006138,0.4677026243313181,0.5835327056841808,173.40020550956245,1.0955154212043479,False,True
BAC,GS,1510,0.8033635975917951,0.8033635975917951,-1.3104355098094589,0.8265645527046447,-1.3095776279409843,0.6247792253838562,-5.397837650559438,1.6172425653563078,0.7261629434977326,243.22945204549356,1.0903602406783381,False,True
GS,WMT,1510,0.2490345658488998,0.2490345658488998,-2.002653567094003,0.5271984318183363,-2.0020155385083425,0.28569005565403416,3.7043306350950687,0.4409852553948222,0.29955368277764494,135.59547423509355,1.071165332441808,False,True
UPS,XOM,1510,0.4429461382614495,0.4429461382614495,-1.803940221089738,0.6278062370418952,-1.8028702814504984,0.37903761256457913,4.02253149457871,0.0710932089974512,0.0015760053287260378,145.81136524620294,1.0664382044009881,False,True
CVX,LOW,1510,0.29703746478670434,0.29703746478670434,-1.950098409769119,0.5543998482128658,-1.9500538294911895,0.30889262533803963,2.995086444945077,0.31226348256369857,0.3068416923949798,127.57661570542025,1.0634068222322415,False,True
JPM,MS,1510,0.8469665489816027,0.8469665489816027,-1.133928881521441,0.8743637416349338,-1.1330601657523607,0.7017094892170982,0.0744445093444277,1.19716530828177,0.8026663596637038,314.19369829233506,1.0591170595814183,False,True
BAC,LOW,1510,0.4028707558364162,0.4028707558364162,-1.8076294789415979,0.6260088405006701,-1.8071409303733652,0.37692222755966653,-1.0613525129150023,0.9330012363484094,0.6365155206942232,191.40726482493008,1.0300385403976668,False,True
FDX,XOM,1510,0.41829026439052613,0.41829026439052613,-1.7872441150578866,0.635897167195852,-1.7868445139603122,0.38701230941851383,3.40746003780881,0.3511323917072403,0.01371732056704611,203.86591958618604,1.0271785955774029,False,True
LOW,MS,1510,0.44612996732680205,0.44612996732680205,-1.6969672849116708,0.6782886945795618,-1.6963564522212111,0.4329907133342416,1.478718497619902,0.7957070827786936,0.4909630711731833,228.1369824421918,0.9782368070080376,False,True
HD,MS,1510,0.47475514672452124,0.47475514672452124,-1.631939012915395,0.7072224201688031,-1.6313789052655643,0.46676902170231577,1.013814495753253,1.0911491615971654,0.5814396184236262,233.02271742456995,0.9560971013317787,False,True
GS,KO,1510,0.2277780853834891,0.2277780853834891,-1.899029683998021,0.5804989239976533,-1.898405520349333,0.3328115756804204,2.9273821609927575,0.6197366570901018,0.24837649451725075,146.29509539335046,0.9417782430207138,False,True
MS,PEP,1510,0.2701494379833044,0.2701494379833044,-1.8230060575135154,0.618481383615565,-1.8224064273108314,0.36939562520544206,-0.8217036446679256,0.9642246555081391,0.48780953052805054,158.58612593543688,0.9113310584163414,False,True
CVX,XOM,1510,0.7758064745073985,0.7758064745073985,-0.5340358047951381,0.9618183810820152,-0.5327739864256404,0.8854606477161879,0.3099934023869282,0.9949730607865759,0.17043817416241225,825.8593013125767,0.8455441372670135,False,True
CVX,TGT,1510,0.2501749605655956,0.2501749605655956,-1.7694248973479083,0.6444510998606129,-1.7688448756126214,0.39603532447799605,3.2891328147917114,0.2526961856352413,0.12315561178461609,168.35518543700965,0.8432510666782796,False,True
LOW,XOM,1510,0.3314278740443824,0.3314278740443824,-1.6500035061205887,0.6993302794979414,-1.6489374001538606,0.45759466091848305,8.69791708183314,-1.1271877994602728,0.06951280534904647,189.84684551641314,0.8262645927867343,False,True
GS,TGT,1510,0.26055825579980735,0.26055825579980735,-1.7370604063058104,0.6597599215836011,-1.7364895567508762,0.4124167495295959,4.109257310865146,0.24566673258547989,0.09741781041098962,179.07564495626355,0.8258360308410657,False,True
HD,TGT,1510,0.4122115849159611,0.4122115849159611,-1.5303414828167783,0.7493744705146698,-1.5299447309710248,0.5186495494698774,0.2476251679922825,1.1171398428002497,0.4817191802361086,253.26851833290635,0.8226386863547839,False,True
FDX,MA,1510,0.4444328264556663,0.4444328264556663,-1.4487708292762953,0.780307875360291,-1.4470697172006421,0.5595140652443058,3.7357575801355,0.2255074348704947,0.2707603795803101,250.1768332563809,0.8043558279078047,False,True
FDX,UPS,1510,0.6746165940989499,0.6746165940989499,-0.8523537093421383,0.9274674595463118,-0.8513487255425006,0.8035717302089463,-0.15769754418547421,1.1545064184862064,0.47557471483238256,369.6290529511595,0.8022932630964924,False,True
FDX,MS,1510,0.5396418488119525,0.5396418488119525,-1.2416044283212968,0.8466673017280542,-1.2402243858740165,0.6560573878206887,2.6292453570589154,0.6444599883754595,0.6549219393515678,186.7798214791122,0.794987230741475,False,True
MS,XOM,1510,0.4690424057007844,0.4690424057007844,-1.3278086099682944,0.8211867277795346,-1.32692684781258,0.6167650001075222,4.541324785593535,-0.2865413191477472,0.00579301148604805,271.92748053684227,0.7644807635174906,False,True
FDX,V,1510,0.4346435244112163,0.4346435244112163,-1.3890142473135951,0.8012540433142008,-1.3870386151163363,0.5884739543299766,3.620000351235063,0.26768677500713295,0.3014234529984131,254.1392845959321,0.761146044458684,False,True
CVX,FDX,1510,0.3916992295314028,0.3916992295314028,-1.4168955052177121,0.7916632676959896,-1.4160533937257436,0.5745561832003759,2.2148675071500907,0.43295121970203326,0.29006455654056384,197.97816984719208,0.7338262321539974,False,True
MA,MS,1510,0.5261839834186137,0.5261839834186137,-1.0354990525794978,0.8959049958380909,-1.0347525473680879,0.7403790787444897,-0.06632713537674295,1.4309419888305233,0.6064266683470947,367.24691809637966,0.7044678868816072,False,True
FDX,HD,1510,0.44500197277527964,0.44500197277527964,-1.2491874903018723,0.8445459936861757,-1.2482327138694385,0.6525109600021127,3.1828346866413977,0.34623716350948003,0.38708702068087364,231.31879326142743,0.7037908559285607,False,True
HD,XOM,1510,0.3640076678631086,0.3640076678631086,-1.412298315531002,0.7932666339370849,-1.4114396864605425,0.5767796677732028,10.07965793977584,-1.3377693492584273,0.06166357990565685,281.2144835016555,0.7035785377721551,False,True
TGT,WMT,1510,0.41304286130744844,0.41304286130744844,-1.3181703338549917,0.8241854810968609,-1.3160270318537122,0.6218084036963,1.871889057439363,0.6761774356779859,0.43631707495883987,240.5244320725649,0.7033613144044966,False,True
FDX,TGT,1510,0.27912157502255575,0.27912157502255575,-1.549453574044038,0.7417446368306578,-1.5489589808992452,0.5091681569119578,4.287779206774842,0.13194569635499406,0.02169854245094882,222.15348671464065,0.7020059248795893,False,True
MA,TGT,1510,0.2529897893506396,0.2529897893506396,-1.5738410947390544,0.7318036792663472,-1.5733081975380443,0.4969862972209345,-1.1889123554255736,1.494481460176064,0.5228267288467383,209.2991118037092,0.6922507860638158,False,True
FDX,JPM,1510,0.5283162511323397,0.5283162511323397,-0.8969055685097376,0.9207215867802425,-0.8956965196032545,0.7893863116807407,3.129023723317302,0.407784092590598,0.46819995338013165,315.3469767596641,0.6668983343490626,False,True
FDX,WMT,1510,0.26253474825966483,0.26253474825966483,-1.5038461036229838,0.7597143023517716,-1.5030343981664345,0.5320097350147538,3.5857740517529573,0.3908541443650494,0.18169810866496372,220.6878220888433,0.6559648664338766,False,True
MS,TGT,1510,0.262326517214,0.262326517214,-1.4887123803846565,0.7654948958458464,-1.488232489591405,0.539324318974637,1.6573924266115319,0.43381444335140124,0.14874778134438082,254.50197551822063,0.6465342142064241,False,True
PEP,XOM,1510,0.322721534584267,0.322721534584267,-1.3737745107766537,0.8063611526094067,-1.372512674006649,0.5953806652690555,6.594181739125201,-0.5545788091700288,0.041358292762040394,265.26458471189494,0.6413972106096382,False,True
FDX,KO,1510,0.2819543475480209,0.2819543475480209,-1.416566513277382,0.7917782987741769,-1.4151094370658124,0.575011413062616,2.8638339648693885,0.5588244416282071,0.15593418942707982,253.11336448803453,0.6236742883726727,False,True
FDX,LOW,1510,0.40769789697367054,0.40769789697367054,-1.125653450915075,0.8763096090024384,-1.1246981520467887,0.7051227548083382,3.1370437795809876,0.40172643963745897,0.3281829943212705,268.86698276405207,0.6167755931904967,False,True
JPM,XOM,1510,0.516396401952503,0.516396401952503,-0.6349496424294985,0.9532143186518742,-0.6335154287206634,0.8632276765586369,6.860479769384392,-0.6795348446085228,0.018246524518238938,739.6396054372368,0.601080488377079,False,True
JPM,TGT,1510,0.27178941345469837,0.27178941345469837,-1.3788122911089782,0.8046834771730798,-1.3783909564851515,0.5925908102066131,0.5353316394116012,0.9002403836413679,0.3587453489867771,299.92549950013546,0.5934094173113922,False,True
TGT,V,1510,0.23935439922045842,0.23935439922045842,-1.36946999633727,0.8077863626636862,-1.367326390767268,0.5978361982597279,2.2601798587873048,0.3894108592244129,0.5117987524597538,199.97885822687533,0.5554756747325912,False,True
FDX,PEP,1510,0.30371687264887304,0.30371687264887304,-1.202572515939061,0.8572260524158046,-1.2017251293450582,0.6728531649136897,2.4683700824429993,0.5370454577799466,0.23862367660386896,256.8953456005265,0.542701211652136,False,True
TGT,UPS,1510,0.2933520163350299,0.2933520163350299,-1.2162250247229758,0.8536010346633645,-1.2136617893372788,0.6676913175828663,-0.6126807592718029,1.0706479149307087,0.32815520767832995,250.97014449016183,0.5375213546417031,False,True
BAC,XOM,1510,0.44328736056041396,0.44328736056041396,-0.629697851023592,0.9537080411206774,-0.6284651229212005,0.8644194923098889,4.424672798813432,-0.39600358089358684,0.0062735742534710814,746.704533861049,0.5271473647013751,False,True
BAC,FDX,1510,0.5053328501870763,0.5053328501870763,0.2952774831426349,0.9908374127130484,0.2975936864413615,0.9772338164488282,-2.8130568780710736,1.1732616189796186,0.49497019158185407,inf,0.5193319665784866,False,True
TGT,XOM,1510,0.24836864677240286,0.24836864677240286,-1.2366350212226496,0.8480450415332589,-1.2348200133464107,0.6584405974840419,8.312542982176755,-1.0756629929839574,0.10328561753560506,190.97033996700236,0.5014331272374691,False,True
BAC,TGT,1510,0.2420443381887595,0.2420443381887595,-1.2453198275178747,0.8456308092793312,-1.2449378241184148,0.653972223759719,-0.16214005534344356,0.7498608319434972,0.25199432452460013,336.0593800442648,0.499304237864021,False,True
V,XOM,1510,0.390888388553799,0.390888388553799,-0.8808331577518106,0.9232198766418427,-0.6223975202561142,0.8658403702473442,9.796214328589414,-1.3292908450767056,0.04673522270424291,494.22386231603247,0.4881454112638212,False,True
KO,MS,1510,0.23315863346494503,0.23315863346494503,-1.2264189326879615,0.8508466247281529,-1.2181605647126887,0.6657351158400525,2.302377463231723,0.35079356458699795,0.3886067094006569,235.4652573091407,0.4800058876063276,False,True
KO,XOM,1510,0.3001333177679612,0.3001333177679612,-0.9967896106098945,0.9034544123961266,-0.9306472298899148,0.7777124059381888,4.936853136036387,-0.3602266162241265,0.02891269230960669,326.95337026376734,0.453408047675132,False,True
MA,XOM,1510,0.4124520668828654,0.4124520668828654,-0.08837098935641327,0.9836226573005686,-0.07931792875203612,0.9514599796457313,9.75152058798027,-1.237845611196193,0.03201821206051825,1190.7020896759082,0.44123301723273917,False,True
WMT,XOM,1510,0.255382790812453,0.255382790812453,-0.03523454115713464,0.9850474251180121,-0.03166786944101454,0.9558334976908456,3.0784768629974133,0.016878627129961115,2.6648991171995817e-05,4241.605033446973,0.28154340416790147,False,True
