zscore_lookback,entry_zscore,exit_zscore,stop_zscore,maximum_holding_days,total_return,annualized_return,annualized_volatility,sharpe_ratio,sortino_ratio,max_drawdown,completed_trades,trade_win_rate,profit_factor,total_turnover
60,2.5,0.0,4.0,60,0.4008812914444977,0.05785974084693324,0.0942217056640254,0.6437102824553149,0.788670125638971,-0.09955458991521349,21,0.6666666666666666,3.2225476825653008,42.0
60,2.5,0.0,3.5,60,0.39705383626217783,0.0573769309468144,0.09414313704784912,0.6393179031792525,0.7819467830454537,-0.0974448131239315,23,0.6086956521739131,3.1633817002737574,46.0
60,2.0,0.0,4.0,60,0.3662168894853868,0.05344630432095965,0.10639284188556587,0.5421756677491599,0.7346899582449502,-0.1080015776692882,26,0.6538461538461539,2.388125853775787,52.0
60,2.0,0.0,3.5,60,0.36094023596612534,0.05276632513386681,0.1063142365631799,0.5364221519149356,0.7253649955022361,-0.10424643518589083,30,0.5666666666666667,2.2783774372111156,60.0
60,2.5,0.0,4.0,40,0.24093365101644637,0.03667495108946839,0.08749363848167808,0.45497486564587203,0.5061926337004324,-0.11143694589390296,21,0.5714285714285714,1.9686467295708732,42.0
60,1.5,0.0,4.0,60,0.30323452638083626,0.045182967032989296,0.11470782064710365,0.442218203339371,0.6242823134090477,-0.10531709317705717,33,0.6363636363636364,1.9678469270513834,66.0
60,1.5,0.0,3.5,60,0.2982011256792516,0.04450832167007768,0.11463475936558246,0.436792366434254,0.6157675407968278,-0.10596994193410281,37,0.5675675675675675,1.9007335591829821,74.0
40,2.5,0.0,3.5,60,0.2289836772730851,0.03500249613399986,0.09259434125801608,0.4173833655844187,0.462786337116735,-0.12624842366921174,27,0.5185185185185185,1.8550058900812034,54.0
60,2.5,0.0,3.5,40,0.2127811690310668,0.03271310562230223,0.08789848704992224,0.4097122762519538,0.4521279222140632,-0.123531234737145,23,0.5217391304347826,1.7984287367534537,46.0
40,2.5,0.0,3.5,40,0.21455440676403326,0.03296489900151145,0.09154964795678688,0.3995661449283438,0.43528627359756944,-0.1071153006440907,28,0.5,1.7336047413044156,56.0
60,2.5,0.25,4.0,60,0.20775292074627716,0.03199744065718435,0.08953296879342507,0.3961235675352419,0.45262200647999246,-0.10889536647249942,21,0.5714285714285714,2.038924509618924,42.0
40,2.5,0.0,4.0,60,0.21241440065478567,0.03266098755434066,0.09283017803690279,0.3921536307073792,0.43539130497549666,-0.1285052863637388,22,0.5909090909090909,1.8206332002768704,44.0
60,2.5,0.25,3.5,60,0.2044531263927487,0.031526434377233015,0.08944976305625837,0.39130378912457786,0.4462645807750068,-0.10478254036065915,23,0.5217391304347826,2.0066184236760747,46.0
40,2.5,0.0,4.0,40,0.19329432828052617,0.029925643000990654,0.09144913333130167,0.3676749208042394,0.39984905863265974,-0.11216773232777055,23,0.6086956521739131,1.6752228951416277,46.0
60,2.0,0.0,4.0,40,0.20606888839774218,0.03175719927548304,0.10076884295135383,0.36015996438917114,0.4523826148393327,-0.1292631944724163,26,0.5384615384615384,1.6537998160176504,52.0
60,2.5,0.5,4.0,60,0.17611619594285788,0.027436795435994865,0.08585658749116729,0.3577304972651672,0.3931770502358634,-0.10876633269082925,21,0.6190476190476191,1.875842841479894,42.0
60,2.5,0.5,3.5,60,0.1729028387107614,0.026967870646224856,0.08576971323805188,0.352681976008076,0.38683047687254685,-0.10465291103331797,23,0.5652173913043478,1.845392462953826,46.0
60,2.0,0.25,4.0,60,0.18643908173928536,0.028936025039018487,0.10190608432643367,0.3304120909934667,0.4238441700084336,-0.1298398887818919,26,0.5769230769230769,1.6981064414075437,52.0
60,2.0,0.0,3.5,40,0.1817849106394538,0.028261434021173315,0.10113279287699448,0.3256618685452128,0.4067048913102764,-0.12353123473714489,30,0.4666666666666667,1.533819251190686,60.0
60,2.0,0.25,3.5,60,0.18185677273386602,0.02827186676250637,0.10182340270230188,0.3242545720767211,0.41499154427106816,-0.12617668140484972,30,0.5,1.6406657556006072,60.0
60,2.5,0.25,4.0,40,0.1417716887735898,0.022368605754595983,0.08480867600903633,0.30279163226337336,0.3261214780153375,-0.11911211709181357,21,0.5238095238095238,1.5925348103027925,42.0
60,2.5,0.5,4.0,40,0.11962109925772002,0.01903207212066027,0.0833551566952227,0.2673794591717553,0.27960308932212385,-0.10876633269082969,21,0.5238095238095238,1.5207080926597731,42.0
60,2.5,0.5,3.5,40,0.1165620966107721,0.018566983268177406,0.08326548615870392,0.26209381501102164,0.27347778702097486,-0.10465291103331886,23,0.4782608695652174,1.5002588539930017,46.0
60,1.5,0.0,4.0,40,0.1433832525819696,0.02260924418987864,0.10964695466313203,0.25827140989513003,0.34343984110656095,-0.10573404148980936,34,0.6176470588235294,1.3777059603294106,68.0
40,2.5,0.0,4.0,20,0.1081330338061035,0.01727991855288913,0.08039738215181062,0.2527197513121033,0.23902168125961523,-0.1659638396695151,23,0.4782608695652174,1.3821012708059075,46.0
60,2.5,0.25,3.5,40,0.1105574825731983,0.017650949875925415,0.08520216801898146,0.24749232317631623,0.2643406681054188,-0.12353123473714434,23,0.4782608695652174,1.4329102232092887,46.0
40,2.5,0.0,3.5,20,0.09627319617097263,0.01545511372094932,0.08040969215754752,0.2303582294671624,0.22167094418315642,-0.18136016346991424,28,0.4642857142857143,1.3155234055949365,56.0
60,1.5,0.0,3.5,40,0.12036143870217608,0.019144473731203426,0.10998056239169071,0.2269570589508169,0.3007646446063661,-0.1256848591504316,38,0.5526315789473685,1.3015130703296953,76.0
40,2.5,0.5,3.5,60,0.09418115317917608,0.015131518191829008,0.08076300630321964,0.2259221909482627,0.21595999342462194,-0.13186948029176127,28,0.5714285714285714,1.3700794264002836,56.0
40,2.5,0.25,3.5,60,0.09873617521764855,0.01583542659291015,0.08645372350583884,0.2245661855843911,0.2267787940396542,-0.13881739463862586,27,0.5185185185185185,1.396661077730479,54.0
60,2.0,0.0,4.0,20,0.09226082905106203,0.014834029939824633,0.08677302477611179,0.2126177487785139,0.21991593757854114,-0.14219185868279294,30,0.4666666666666667,1.2747134354114178,60.0
60,2.0,0.25,4.0,40,0.09854630814887377,0.01580613416938892,0.09729904625997766,0.20933224471863743,0.25329369336722257,-0.13935789578193358,26,0.5,1.3399332666252253,52.0
60,1.5,0.25,4.0,60,0.10388340935806784,0.016627932274090096,0.10879221622883824,0.20554343312300355,0.26825600926915827,-0.1215159447693388,34,0.5882352941176471,1.3098887489859516,68.0
40,2.5,0.25,3.5,40,0.08734074075896858,0.014069838031934623,0.08580918008801883,0.20533169167140472,0.2050063307081724,-0.11622672122207744,28,0.5,1.3268177205848,56.0
60,1.5,0.25,3.5,60,0.09961994993104084,0.015971718633083887,0.10871450160777324,0.19967186311932186,0.2601829548483829,-0.12794104065184742,38,0.5263157894736842,1.2852916051273293,76.0
40,2.5,0.5,3.5,40,0.07941389877935534,0.012832553318718354,0.0805711935564956,0.19812292581529284,0.18893676189823772,-0.13186948029176104,28,0.5714285714285714,1.3075197943459225,56.0
40,2.5,0.25,4.0,60,0.08392290799988755,0.013537280090101245,0.08670428784201624,0.19804022283882752,0.20041861775170805,-0.14104179222240742,22,0.5,1.362769641623267,44.0
40,2.5,0.5,4.0,60,0.07942929720841141,0.012834964156252626,0.08103104090194717,0.19748615742202677,0.1891120125468692,-0.13411182403909505,23,0.5652173913043478,1.3845024180174796,46.0
60,1.5,0.0,4.0,20,0.08476964418762378,0.013669346579849417,0.09953668678337459,0.1857379387210781,0.2205715536886845,-0.14974770357416534,44,0.5227272727272727,1.1956013257243976,88.0
40,2.5,0.25,4.0,40,0.072311856825507,0.011717563649654261,0.08572625874437978,0.17835231171449217,0.17793124626648063,-0.1185094695424509,23,0.5217391304347826,1.2935792383302724,46.0
60,2.0,0.0,3.5,20,0.06909689469901581,0.011210804530184637,0.08708477762393296,0.17108994638901726,0.17720687169975446,-0.13380321563085895,34,0.4411764705882353,1.2024905195422606,68.0
40,2.5,0.5,4.0,40,0.06486113635845969,0.010541200281201535,0.08083961251270118,0.16971078590621083,0.1621304943219151,-0.13411182403909605,23,0.5652173913043478,1.308510016883553,46.0
60,2.0,0.25,3.5,40,0.07130364851759485,0.011558780987085404,0.09765473516626533,0.1660120363252266,0.19965595679530185,-0.1316022071430446,30,0.43333333333333335,1.2362970566066422,60.0
60,2.0,0.5,4.0,60,0.06801093626438681,0.011039343218279818,0.09608586184006827,0.16184917144731273,0.19559081085746072,-0.12794015269284864,26,0.5384615384615384,1.2847039345499176,52.0
60,2.0,0.5,3.5,60,0.06388602483281147,0.010386736903273075,0.09599767708708476,0.1551820735878751,0.1870615659035906,-0.12426894779079245,30,0.5,1.2497300261993867,60.0
60,1.5,0.0,3.5,20,0.0617645778548086,0.010050279397288309,0.09980858559950712,0.1496623130457669,0.1780392395827337,-0.148626451676091,48,0.5,1.146533876870736,96.0
60,2.0,0.25,4.0,20,0.05417438280227982,0.008841883624370439,0.08512975859281434,0.1454912775229139,0.14775606564052374,-0.16177285848087763,30,0.4666666666666667,1.1809431256899687,60.0
60,1.5,0.25,4.0,20,0.04897221905004345,0.008009480523626378,0.09646229509030252,0.13049938531226793,0.14789967926782416,-0.14974770357416578,45,0.5333333333333333,1.1295880296403413,90.0
60,1.5,0.25,4.0,40,0.031501523361074035,0.005188572997573804,0.10394743158952782,0.10129957020464365,0.12432096332387853,-0.12155830341666451,35,0.5714285714285714,1.110106154794631,70.0
60,2.0,0.25,3.5,20,0.026906863346426668,0.004440088484841009,0.08542446466997122,0.09408691508766967,0.09566009505256691,-0.157604551573564,34,0.4411764705882353,1.1053393458441751,68.0
60,1.5,0.25,3.5,20,0.02183925997019598,0.0036113173387000153,0.0967225141202866,0.08519171891846263,0.09673353505226419,-0.14862645167609256,49,0.5102040816326531,1.0761670770999998,98.0
40,2.0,0.5,3.5,60,0.01936510246799039,0.003205441457995839,0.09089359526002404,0.08025835352674737,0.089290763888042,-0.14118613792410806,40,0.525,1.0838874712818296,80.0
60,1.5,0.25,3.5,40,0.005921495735815352,0.0009856146369926488,0.10427888914434592,0.06112324244499415,0.07475540833839664,-0.15307096353155925,39,0.5128205128205128,1.0500639247449808,78.0
60,2.5,0.0,4.0,20,0.01084038536660148,0.0018006798632745902,0.0690761970446392,0.060099465103108575,0.05100816097726427,-0.13790957084945854,21,0.38095238095238093,1.0876890659378529,42.0
40,2.0,0.0,3.5,60,0.0035426631289845467,0.0005902477131587425,0.10629371786287796,0.05824067724703177,0.07355132135041265,-0.12906645361196112,36,0.5,1.0459694145770548,72.0
40,2.0,0.5,4.0,60,0.005621923717801458,0.0009358680443005696,0.09113076828340692,0.055429400683070285,0.061721100678303394,-0.14340441714598862,35,0.5142857142857142,1.052404434826623,70.0
60,2.0,0.5,4.0,40,0.00505937137697976,0.000842417863408329,0.09352256647864336,0.0552944138880821,0.06367316523304517,-0.14236395552577352,26,0.46153846153846156,1.0536666436820619,52.0
40,2.0,0.5,3.5,40,0.005607578176235473,0.0009334855300258127,0.09072210939612825,0.055243596156522225,0.061344847553349804,-0.14118613792410728,40,0.525,1.0480664968671725,80.0
60,2.0,0.5,3.5,40,0.004930359706372789,0.0008209805344669974,0.09345663954835909,0.05503831882575486,0.06324295060920744,-0.1355252170479665,30,0.4,1.0497664323456364,60.0
40,2.5,0.25,4.0,20,0.004912062479965007,0.000817939975338966,0.07458602724960367,0.04778616125423178,0.041775257518848405,-0.1659638396695151,23,0.4782608695652174,1.0577079066265302,46.0
40,1.5,0.5,3.5,60,-0.008020532468761887,-0.001342775492166992,0.1038369743152845,0.038479387443591605,0.04934174393312311,-0.2336165972346843,54,0.5740740740740741,1.0103726066218646,109.0
40,2.0,0.0,4.0,60,-0.009987195966087326,-0.0016734092910464238,0.10649650720950743,0.03706198247154784,0.04684989224470293,-0.1313160374565001,31,0.5483870967741935,1.0157109415037484,62.0
40,2.0,0.5,4.0,40,-0.007950120302910313,-0.0013309479885319497,0.09095950593247668,0.0304329834865569,0.03382369666115604,-0.14340441714598962,35,0.5142857142857142,1.0128061816267664,70.0
40,2.5,0.25,3.5,20,-0.005843048625839731,-0.0009773352281243763,0.07459769545291023,0.02371665516720165,0.021097738418574687,-0.18136016346991424,28,0.4642857142857143,1.0230572476723585,56.0
60,2.5,0.5,4.0,20,-0.006179062754929521,-0.001033683882007419,0.06817671294694999,0.018419240199135063,0.015582956430726502,-0.14075523995598982,21,0.38095238095238093,1.021147665246565,42.0
40,1.5,0.5,3.5,40,-0.02358951390549824,-0.003975321538020715,0.10366268502785957,0.012903203053943667,0.016497858394466002,-0.23532469179684468,54,0.5740740740740741,0.9816006477000503,109.0
60,1.5,0.5,4.0,60,-0.024912478792264436,-0.004200629067190986,0.10321420945535102,0.010394400840314387,0.01280410039873984,-0.13277995402236287,34,0.5588235294117647,0.9682300987801474,68.0
60,2.0,0.5,4.0,20,-0.015233251888365662,-0.0025580561128351054,0.08153864090609557,0.008916847165068128,0.008690525830927918,-0.17942333493170892,30,0.4666666666666667,0.9985466320647409,60.0
60,2.5,0.25,4.0,20,-0.011267226586806456,-0.0018889010587349597,0.06881531575108998,0.006439359537741132,0.0054371249512558985,-0.1379095708494582,21,0.38095238095238093,1.0024891307916133,42.0
60,2.0,0.5,3.5,20,-0.0164373958674503,-0.002761665810504965,0.0813473690179537,0.0062342737323711215,0.006112352454626802,-0.17880630696806132,34,0.4411764705882353,0.9993569539467754,68.0
60,1.5,0.5,3.5,60,-0.02867849796532973,-0.004843398275243382,0.10313175533885259,0.004058413700968506,0.004990852858187677,-0.1391226666913803,38,0.5263157894736842,0.9602926243702032,76.0
40,1.5,0.5,4.0,60,-0.03049570715922323,-0.005154295278544052,0.10410849002388371,0.001914286354269006,0.002459193267495537,-0.2427052295368458,49,0.5714285714285714,0.963075608198546,99.0
40,2.0,0.0,3.5,40,-0.032561448209940114,-0.005508302519565245,0.10454884583675365,-0.0010278636826030467,-0.0012580613871924296,-0.1356300683210131,37,0.4864864864864865,0.9678675243745377,74.0
40,2.5,0.5,4.0,20,-0.02011366204937237,-0.003384576228668945,0.07403189480218454,-0.00925791889774371,-0.00797014914740117,-0.16278908800791503,23,0.5217391304347826,0.9745891160339645,46.0
60,2.5,0.0,3.5,20,-0.01960061747939157,-0.0032975286375248603,0.06918618148528688,-0.01364257540315991,-0.011703690149863877,-0.14771911562755902,23,0.34782608695652173,0.9788199356637409,46.0
40,1.5,0.5,4.0,40,-0.045711943817470235,-0.00777679383152885,0.10393427052952406,-0.023656384148113305,-0.030303655863256,-0.2443930676015983,49,0.5714285714285714,0.933456076006995,99.0
60,1.5,0.5,4.0,20,-0.03867809904161057,-0.006560222453883324,0.09327801158672026,-0.024318727055103014,-0.02629720566472215,-0.15080012901409423,45,0.5333333333333333,0.9596994147623686,90.0
60,1.5,0.5,3.5,20,-0.03985357534726186,-0.006763015181819543,0.0931108301918458,-0.026724370645542776,-0.02904166110333071,-0.14904087188319215,49,0.5102040816326531,0.9628474269236892,98.0
40,2.5,0.5,3.5,20,-0.028113104410051215,-0.004746766833543914,0.07401008261145825,-0.0277674252917593,-0.024251537177502485,-0.17824401778595955,28,0.5,0.9559358963178431,56.0
40,2.0,0.0,4.0,40,-0.049495905344570046,-0.008434360183244172,0.10445671671855594,-0.029333192793978148,-0.035853088286933336,-0.1456991908806513,32,0.5625,0.9355220828139171,64.0
60,2.5,0.5,3.5,20,-0.03610753258759647,-0.006117468178840069,0.06828728814721535,-0.05622652537430855,-0.04808943110596035,-0.15053240446680005,23,0.34782608695652173,0.9189388064115478,46.0
60,2.5,0.25,3.5,20,-0.041042468657769726,-0.00696833311707501,0.06892462790715372,-0.06749682621358304,-0.05760639201412661,-0.14771911562755835,23,0.34782608695652173,0.902147844668241,46.0
60,1.5,0.5,4.0,40,-0.07395229722843943,-0.012737725593929716,0.10027180253421934,-0.07814572388754061,-0.09156308740797131,-0.1334061946972256,35,0.5428571428571428,0.8622921829586943,70.0
60,1.5,0.5,3.5,40,-0.07407116678440706,-0.012758872045908531,0.10021030171330964,-0.07846889626119395,-0.09184723307583763,-0.13974432713925022,39,0.48717948717948717,0.865196690652021,78.0
40,1.5,0.0,3.5,60,-0.11915764905038229,-0.020947735690668212,0.11968218845825142,-0.11747414768682256,-0.15463659789771322,-0.20862126882702647,45,0.4888888888888889,0.8161470526518799,91.0
40,2.0,0.25,3.5,60,-0.09638609785601149,-0.016769280679982956,0.09917754859924471,-0.12129566799135187,-0.1390695038715558,-0.18148530428451692,36,0.5,0.7924045786315033,72.0
40,1.5,0.0,4.0,40,-0.12363249455463066,-0.02177940593708816,0.11931821281452812,-0.12531857599934448,-0.16114020868791581,-0.22874157764433456,43,0.5813953488372093,0.8376053616928871,87.0
40,1.5,0.0,4.0,60,-0.13297001635476446,-0.023526283881570076,0.12036208868202135,-0.13803566344537982,-0.18033336957666127,-0.22159918212356788,39,0.5641025641025641,0.7946794388237557,79.0
40,1.5,0.25,3.5,20,-0.11241546101967981,-0.01970129248214747,0.10419497499607366,-0.1392220571812921,-0.16012920313309656,-0.28029076361193894,63,0.5238095238095238,0.8776217201987865,127.0
40,1.5,0.5,3.5,20,-0.10636292429313365,-0.018589047908960765,0.0978424811527933,-0.14336884125354707,-0.17217229341472895,-0.2800625437904517,63,0.5555555555555556,0.8701268277455484,127.0
40,2.0,0.25,4.0,60,-0.10856870774549643,-0.018993664846853497,0.09939322449690957,-0.14360589981154157,-0.16488812014467596,-0.1931098149468249,31,0.4838709677419355,0.7551880231197671,62.0
20,2.0,0.0,3.5,60,-0.11768982812946382,-0.020675701210402964,0.10521595501579029,-0.14640821069642418,-0.1842426528055413,-0.2827261477744828,57,0.543859649122807,0.8474550246586523,114.0
20,2.0,0.0,4.0,60,-0.11768982812946382,-0.020675701210402964,0.10521595501579029,-0.14640821069642418,-0.1842426528055413,-0.2827261477744828,57,0.543859649122807,0.8474550246586523,114.0
20,2.0,0.0,3.5,40,-0.12892126537575732,-0.022766922089419772,0.1051574232732401,-0.16687848923305015,-0.20988598453528606,-0.2918567421125253,57,0.543859649122807,0.8326568884588971,114.0
20,2.0,0.0,4.0,40,-0.12892126537575732,-0.022766922089419772,0.1051574232732401,-0.16687848923305015,-0.20988598453528606,-0.2918567421125253,57,0.543859649122807,0.8326568884588971,114.0
40,1.5,0.0,3.5,40,-0.14850821824208038,-0.026468249009138023,0.11816049645523517,-0.16837377337617065,-0.21671129588171945,-0.23018336900422864,48,0.5,0.7870608285812682,97.0
40,1.5,0.5,4.0,20,-0.13039617501926337,-0.023043206995403742,0.09807773623666703,-0.18917371934886537,-0.227069720386872,-0.29207530647926383,58,0.5689655172413793,0.8249482859311577,117.0
40,1.5,0.25,4.0,20,-0.14114437921721945,-0.025068470726200665,0.10394425868457421,-0.19261577344649555,-0.21634816168569743,-0.2853794674194102,57,0.543859649122807,0.8338163994400144,115.0
40,1.5,0.0,3.5,20,-0.14574821432530116,-0.02594242771129074,0.10526729607299298,-0.1974148568320215,-0.231064976941521,-0.2758686594093318,61,0.45901639344262296,0.8348756026115479,123.0
40,2.0,0.25,3.5,40,-0.144380259037154,-0.025682336560430508,0.09817193842679128,-0.21631246617648392,-0.24460406054275297,-0.19739783191013827,37,0.4864864864864865,0.715878657088469,74.0
40,1.5,0.25,3.5,60,-0.16947670508465906,-0.030510108213549825,0.11335291643560079,-0.21700340096293627,-0.2643135004626594,-0.2659681525076385,48,0.5208333333333334,0.7222105304761102,97.0
40,1.5,0.25,4.0,60,-0.18250002621794648,-0.03306347180576541,0.11406961037211479,-0.23803593235291945,-0.28778412277239585,-0.2780056274844255,42,0.5476190476190477,0.6978095418346825,85.0
40,2.0,0.25,4.0,40,-0.15620636772239782,-0.027942400309451942,0.09809580316215954,-0.24023129468835314,-0.2714326740475499,-0.20879635353643178,32,0.5,0.6863700256566418,64.0
20,2.0,0.0,3.5,20,-0.16185937618117474,-0.02903207077241876,0.10060743481018895,-0.24296037463716766,-0.28608694469779244,-0.2930484953448004,61,0.5245901639344263,0.7998023761726875,122.0
20,2.0,0.0,4.0,20,-0.16185937618117474,-0.02903207077241876,0.10060743481018895,-0.24296037463716766,-0.28608694469779244,-0.2930484953448004,61,0.5245901639344263,0.7998023761726875,122.0
40,1.5,0.0,4.0,20,-0.17339823366761997,-0.03127543546734535,0.1050178312318928,-0.25039931685718525,-0.28639846993869544,-0.280988629702426,55,0.4727272727272727,0.7916754420662651,111.0
40,1.5,0.25,4.0,40,-0.19453265601822456,-0.03545290014978408,0.11353621283392264,-0.2614904244194866,-0.3135202518485234,-0.30215461196427273,45,0.5777777777777777,0.714894096407378,91.0
40,2.0,0.5,4.0,20,-0.13924476541359165,-0.024708999657558683,0.08125687607179528,-0.2676724890459221,-0.259972514602777,-0.23326368832375055,38,0.5,0.7299615434051897,76.0
20,2.0,0.25,3.5,40,-0.17748267060982048,-0.03207577886976265,0.10220651276364622,-0.2683444212861667,-0.3238534757048883,-0.3046307382664749,59,0.5254237288135594,0.7494068878412281,118.0
20,2.0,0.25,3.5,60,-0.17748267060982048,-0.03207577886976265,0.10220651276364622,-0.2683444212861667,-0.3238534757048883,-0.3046307382664749,59,0.5254237288135594,0.7494068878412281,118.0
20,2.0,0.25,4.0,40,-0.17748267060982048,-0.03207577886976265,0.10220651276364622,-0.2683444212861667,-0.3238534757048883,-0.3046307382664749,59,0.5254237288135594,0.7494068878412281,118.0
20,2.0,0.25,4.0,60,-0.17748267060982048,-0.03207577886976265,0.10220651276364622,-0.2683444212861667,-0.3238534757048883,-0.3046307382664749,59,0.5254237288135594,0.7494068878412281,118.0
40,2.0,0.5,3.5,20,-0.14627166396197555,-0.026042043684369243,0.0812355934984737,-0.2846033054770942,-0.27928642569950446,-0.23799703009860818,43,0.4883720930232558,0.7369672041295523,86.0
40,2.0,0.0,4.0,20,-0.15798360039072445,-0.02828432139264181,0.0840991091694734,-0.29950293935843186,-0.30524656557946245,-0.22987651051353364,37,0.4594594594594595,0.7078471593973558,74.0
40,2.0,0.25,4.0,20,-0.15681347265102852,-0.028059133453517293,0.08312419829356064,-0.30120879077855534,-0.3003744076606768,-0.22525797488522348,37,0.4864864864864865,0.7040625139030006,74.0
20,1.5,0.0,3.5,60,-0.22060813162608983,-0.04073475935022908,0.11515484523693445,-0.30385658537892524,-0.3806725817663159,-0.41709950195711887,75,0.5866666666666667,0.7516597777488497,151.0
20,1.5,0.0,4.0,60,-0.22060813162608983,-0.04073475935022908,0.11515484523693445,-0.30385658537892524,-0.3806725817663159,-0.41709950195711887,75,0.5866666666666667,0.7516597777488497,151.0
40,1.5,0.25,3.5,40,-0.2203183970146757,-0.04067526709460478,0.11229468581017871,-0.31397471500754953,-0.37629222705573284,-0.30606029509722,50,0.54,0.6665674193526411,101.0
40,2.0,0.0,3.5,20,-0.1669953142200511,-0.030027392727537516,0.08410702111333017,-0.32081629027691116,-0.33064395539903046,-0.23463076256743143,42,0.4523809523809524,0.7077102099860884,84.0
40,2.0,0.25,3.5,20,-0.1658377098187841,-0.029802608732334535,0.0831322158998469,-0.32277151604985865,-0.3256306445074515,-0.23004073883727472,42,0.47619047619047616,0.7041625392301728,84.0
20,1.5,0.0,3.5,40,-0.23137974788489657,-0.042959721074558144,0.11509879412378739,-0.32423631953653304,-0.4060066650578726,-0.425155501431536,75,0.5866666666666667,0.7409280771895773,151.0
20,1.5,0.0,4.0,40,-0.23137974788489657,-0.042959721074558144,0.11509879412378739,-0.32423631953653304,-0.4060066650578726,-0.425155501431536,75,0.5866666666666667,0.7409280771895773,151.0
20,1.5,0.0,3.5,20,-0.2402504690086943,-0.044811629501835815,0.11278328327320716,-0.35039075690045945,-0.4281260070121796,-0.4385873864482477,85,0.5647058823529412,0.7557126195313242,171.0
20,1.5,0.0,4.0,20,-0.2402504690086943,-0.044811629501835815,0.11278328327320716,-0.35039075690045945,-0.4281260070121796,-0.4385873864482477,85,0.5647058823529412,0.7557126195313242,171.0
20,2.0,0.25,3.5,20,-0.20988805851549508,-0.03854573623156676,0.09784724821558927,-0.35324926991208183,-0.40158058581024264,-0.31118583189350346,61,0.5245901639344263,0.7215237287050561,122.0
20,2.0,0.25,4.0,20,-0.20988805851549508,-0.03854573623156676,0.09784724821558927,-0.35324926991208183,-0.40158058581024264,-0.31118583189350346,61,0.5245901639344263,0.7215237287050561,122.0
20,2.0,0.5,3.5,40,-0.22657052672240152,-0.0419631495520405,0.0984343385300045,-0.3867526028964604,-0.44417396117357416,-0.33171350035664415,61,0.5737704918032787,0.6798812973121261,122.0
20,2.0,0.5,3.5,60,-0.22657052672240152,-0.0419631495520405,0.0984343385300045,-0.3867526028964604,-0.44417396117357416,-0.33171350035664415,61,0.5737704918032787,0.6798812973121261,122.0
20,2.0,0.5,4.0,40,-0.22657052672240152,-0.0419631495520405,0.0984343385300045,-0.3867526028964604,-0.44417396117357416,-0.33171350035664415,61,0.5737704918032787,0.6798812973121261,122.0
20,2.0,0.5,4.0,60,-0.22657052672240152,-0.0419631495520405,0.0984343385300045,-0.3867526028964604,-0.44417396117357416,-0.33171350035664415,61,0.5737704918032787,0.6798812973121261,122.0
20,1.5,0.25,3.5,40,-0.26621355597965657,-0.05033734668349288,0.11257203057953934,-0.4028126820655717,-0.4854335701386064,-0.42288444966640737,80,0.5375,0.6920710893717201,161.0
20,1.5,0.25,3.5,60,-0.26621355597965657,-0.05033734668349288,0.11257203057953934,-0.4028126820655717,-0.4854335701386064,-0.42288444966640737,80,0.5375,0.6920710893717201,161.0
20,1.5,0.25,4.0,40,-0.26621355597965657,-0.05033734668349288,0.11257203057953934,-0.4028126820655717,-0.4854335701386064,-0.42288444966640737,80,0.5375,0.6920710893717201,161.0
20,1.5,0.25,4.0,60,-0.26621355597965657,-0.05033734668349288,0.11257203057953934,-0.4028126820655717,-0.4854335701386064,-0.42288444966640737,80,0.5375,0.6920710893717201,161.0
20,2.0,0.5,3.5,20,-0.2284820565738256,-0.04235863874473689,0.09588144867465008,-0.4039093172325162,-0.4482013107305412,-0.32027119161502404,63,0.5714285714285714,0.6906666570541969,126.0
20,2.0,0.5,4.0,20,-0.2284820565738256,-0.04235863874473689,0.09588144867465008,-0.4039093172325162,-0.4482013107305412,-0.32027119161502404,63,0.5714285714285714,0.6906666570541969,126.0
20,1.5,0.25,3.5,20,-0.2802004577050916,-0.05338202139065695,0.11040479255919182,-0.44197758875755094,-0.5222402586156667,-0.4410218914456041,87,0.5402298850574713,0.7026098317404963,175.0
20,1.5,0.25,4.0,20,-0.2802004577050916,-0.05338202139065695,0.11040479255919182,-0.44197758875755094,-0.5222402586156667,-0.4410218914456041,87,0.5402298850574713,0.7026098317404963,175.0
20,2.5,0.0,3.5,40,-0.25510055637971785,-0.04795254594458198,0.086049444027451,-0.5284193767986306,-0.5611050720902162,-0.3379973216635571,33,0.36363636363636365,0.4396798142387579,66.0
20,2.5,0.0,3.5,60,-0.25510055637971785,-0.04795254594458198,0.086049444027451,-0.5284193767986306,-0.5611050720902162,-0.3379973216635571,33,0.36363636363636365,0.4396798142387579,66.0
20,2.5,0.0,4.0,40,-0.25510055637971785,-0.04795254594458198,0.086049444027451,-0.5284193767986306,-0.5611050720902162,-0.3379973216635571,33,0.36363636363636365,0.4396798142387579,66.0
20,2.5,0.0,4.0,60,-0.25510055637971785,-0.04795254594458198,0.086049444027451,-0.5284193767986306,-0.5611050720902162,-0.3379973216635571,33,0.36363636363636365,0.4396798142387579,66.0
20,2.5,0.25,3.5,40,-0.2611488716254964,-0.049246782366266006,0.08323181655608787,-0.5655182839041355,-0.5710152962470645,-0.3358294505222693,34,0.4117647058823529,0.4382512112542222,68.0
20,2.5,0.25,3.5,60,-0.2611488716254964,-0.049246782366266006,0.08323181655608787,-0.5655182839041355,-0.5710152962470645,-0.3358294505222693,34,0.4117647058823529,0.4382512112542222,68.0
20,2.5,0.25,4.0,40,-0.2611488716254964,-0.049246782366266006,0.08323181655608787,-0.5655182839041355,-0.5710152962470645,-0.3358294505222693,34,0.4117647058823529,0.4382512112542222,68.0
20,2.5,0.25,4.0,60,-0.2611488716254964,-0.049246782366266006,0.08323181655608787,-0.5655182839041355,-0.5710152962470645,-0.3358294505222693,34,0.4117647058823529,0.4382512112542222,68.0
20,1.5,0.5,3.5,40,-0.3426796211390365,-0.0676159602292764,0.10888073605972726,-0.5888282975023199,-0.6776875012398895,-0.46082249916142637,82,0.5609756097560976,0.5879518437327506,165.0
20,1.5,0.5,3.5,60,-0.3426796211390365,-0.0676159602292764,0.10888073605972726,-0.5888282975023199,-0.6776875012398895,-0.46082249916142637,82,0.5609756097560976,0.5879518437327506,165.0
20,1.5,0.5,4.0,40,-0.3426796211390365,-0.0676159602292764,0.10888073605972726,-0.5888282975023199,-0.6776875012398895,-0.46082249916142637,82,0.5609756097560976,0.5879518437327506,165.0
20,1.5,0.5,4.0,60,-0.3426796211390365,-0.0676159602292764,0.10888073605972726,-0.5888282975023199,-0.6776875012398895,-0.46082249916142637,82,0.5609756097560976,0.5879518437327506,165.0
20,1.5,0.5,3.5,20,-0.34419395516696694,-0.0679747177851523,0.1076894354345218,-0.6001123672484264,-0.6833817461016909,-0.4685066283181989,87,0.5632183908045977,0.611962942797554,175.0
20,1.5,0.5,4.0,20,-0.34419395516696694,-0.0679747177851523,0.1076894354345218,-0.6001123672484264,-0.6833817461016909,-0.4685066283181989,87,0.5632183908045977,0.611962942797554,175.0
20,2.5,0.5,3.5,40,-0.3065481751098248,-0.059253840487951015,0.0788992591797302,-0.735089721727759,-0.6885111802871977,-0.35659350224588326,34,0.4411764705882353,0.3601030125397443,68.0
20,2.5,0.5,3.5,60,-0.3065481751098248,-0.059253840487951015,0.0788992591797302,-0.735089721727759,-0.6885111802871977,-0.35659350224588326,34,0.4411764705882353,0.3601030125397443,68.0
20,2.5,0.5,4.0,40,-0.3065481751098248,-0.059253840487951015,0.0788992591797302,-0.735089721727759,-0.6885111802871977,-0.35659350224588326,34,0.4411764705882353,0.3601030125397443,68.0
20,2.5,0.5,4.0,60,-0.3065481751098248,-0.059253840487951015,0.0788992591797302,-0.735089721727759,-0.6885111802871977,-0.35659350224588326,34,0.4411764705882353,0.3601030125397443,68.0
20,2.5,0.25,3.5,20,-0.30897723853656256,-0.05980448851971243,0.07617681015327761,-0.7717880347222206,-0.719131450687939,-0.35702861347799564,34,0.4117647058823529,0.389016494010951,68.0
20,2.5,0.25,4.0,20,-0.30897723853656256,-0.05980448851971243,0.07617681015327761,-0.7717880347222206,-0.719131450687939,-0.35702861347799564,34,0.4117647058823529,0.389016494010951,68.0
20,2.5,0.0,3.5,20,-0.32378600351515385,-0.06319683384927033,0.07814359885536055,-0.7966729800884744,-0.76469385173664,-0.36983119921570073,33,0.36363636363636365,0.3703525682916098,66.0
20,2.5,0.0,4.0,20,-0.32378600351515385,-0.06319683384927033,0.07814359885536055,-0.7966729800884744,-0.76469385173664,-0.36983119921570073,33,0.36363636363636365,0.3703525682916098,66.0
20,2.5,0.5,3.5,20,-0.3289396037927984,-0.06439192886938772,0.07367756986734178,-0.866872945453434,-0.7698459130022527,-0.37068378023930126,34,0.4411764705882353,0.33977142712468456,68.0
20,2.5,0.5,4.0,20,-0.3289396037927984,-0.06439192886938772,0.07367756986734178,-0.866872945453434,-0.7698459130022527,-0.37068378023930126,34,0.4411764705882353,0.33977142712468456,68.0
